{
  "diagnostic": "label_fidelity (5mm-RK4 labels vs 1mm-RK4 truth, identical RHS)",
  "n_tracks": 2000,
  "seed": 20260623,
  "crosscheck_5mm_reproduces_stored_labels_um": {
    "median": 0.026351355519934717,
    "p68": 0.043474997556765684,
    "p95": 0.12047461821623016,
    "p99": 0.19544091358461968,
    "max": 0.44068548497830506,
    "mean": 0.04016951556491985
  },
  "crosscheck_1mm_vs_0p5mm_truth_converged_um": {
    "median": 6.404766338040128e-07,
    "p68": 5.368053558692837e-06,
    "p95": 0.000565381267200678,
    "p99": 0.0033561918081409636,
    "max": 0.013868045503420036,
    "mean": 0.00022387799112866404
  },
  "label_pos_error_um_overall": {
    "median": 0.026704119356098878,
    "p68": 0.04372893679857637,
    "p95": 0.1344510013998153,
    "p99": 0.22921600685698804,
    "max": 2.9548884486792044,
    "mean": 0.04613069588074691
  },
  "label_pos_error_um_lowp_below12GeV": {
    "median": 0.026099778011021802,
    "p68": 0.044014042312588,
    "p95": 0.15818705994268384,
    "p99": 0.41599161385409117,
    "max": 2.9548884486792044,
    "mean": 0.05318651492119198
  },
  "label_pos_error_um_by_momentum_quartile": {
    "p_q1 [1.0-5.3]GeV": {
      "median": 0.024964562361144266,
      "p68": 0.04279580189717217,
      "p95": 0.16673820268640144,
      "p99": 0.6233570367747051,
      "max": 2.9548884486792044,
      "mean": 0.06021304099165068
    },
    "p_q2 [5.3-18.0]GeV": {
      "median": 0.0276232735570364,
      "p68": 0.046470350789836024,
      "p95": 0.1286015314605813,
      "p99": 0.22988148638932956,
      "max": 0.3657499464843814,
      "mean": 0.04378192771129348
    },
    "p_q3 [18.0-59.0]GeV": {
      "median": 0.026463608757165358,
      "p68": 0.043293977349690274,
      "p95": 0.13056730640080813,
      "p99": 0.19474695708832815,
      "max": 0.222641714142087,
      "mean": 0.04058603004381166
    },
    "p_q4 [59.0-199.2]GeV": {
      "median": 0.02753712217094727,
      "p68": 0.04323617172399506,
      "p95": 0.11618666532812008,
      "p99": 0.20217655689729452,
      "max": 0.22920940331498435,
      "mean": 0.0399417847762318
    }
  },
  "label_pos_error_um_by_dz": {
    "|dz|[0-300]mm n=881": {
      "median": 0.02191020850149341,
      "p68": 0.03471196177334703,
      "p95": 0.10704383371624544,
      "p99": 0.1729061409574007,
      "max": 0.23104264491284732,
      "mean": 0.033378144958234
    },
    "|dz|[300-1000]mm n=434": {
      "median": 0.02329591978450294,
      "p68": 0.040746666745119245,
      "p95": 0.11790654995997944,
      "p99": 0.19990501235684605,
      "max": 0.24780475107387936,
      "mean": 0.03779093057322486
    },
    "|dz|[1000-3000]mm n=375": {
      "median": 0.029449788157616646,
      "p68": 0.04382806452930624,
      "p95": 0.11875761556449795,
      "p99": 0.17243521153477442,
      "max": 1.0671642264997887,
      "mean": 0.04395567685279663
    },
    "|dz|[3000-11000]mm n=310": {
      "median": 0.05495656049271701,
      "p68": 0.08421077206705732,
      "p95": 0.23925918412801755,
      "p99": 0.6336298626757829,
      "max": 2.9548884486792044,
      "mean": 0.0966793656926172
    }
  },
  "label_slope_error_urad": {
    "tx": {
      "median": 0.0034229176645861337,
      "p68": 0.0063938144184705345,
      "p95": 0.023192463466381583,
      "p99": 0.0665947583494697,
      "max": 1.7394928901737217,
      "mean": 0.008183216300392296
    },
    "ty": {
      "median": 0.0022859424769761105,
      "p68": 0.0041198236316875025,
      "p95": 0.011260869577089938,
      "p99": 0.026565035060877037,
      "max": 0.6444266345273508,
      "mean": 0.004676132609182662
    }
  },
  "reference": {
    "surrogate_floor_mm": 3.0,
    "extrapUTT_median_um": 10.9,
    "extrapUTT_lowp_um": 748.0,
    "extrapUTT_p99_um": 11738.0
  }
}