{
  "device": "cpu",
  "n_test": 519673,
  "p_quartiles": [
    4.933307647705078,
    16.432424545288086,
    55.30281448364258
  ],
  "blockA": {
    "scanA_d2_tanh": {
      "label": "d2 tanh",
      "median_um": 2477.37897179773,
      "p95_um": 201277.8931400828,
      "by_p_quartile_um": [
        18463.630355172085,
        7566.416534886717,
        2021.5673551781128,
        457.2757979603515
      ],
      "median_dtx_mrad": 3.543589264154434,
      "median_dty_mrad": 0.06645917892456055
    }
  },
  "blockB": {
    "wave2_resid_h96": {
      "label": "h96 baseline",
      "median_um": 1076.519399425181,
      "p95_um": 82556.86320722137,
      "by_p_quartile_um": [
        7424.372051619817,
        2937.6452381237204,
        824.4644089158455,
        206.66634592453104
      ],
      "median_dtx_mrad": 2.170264720916748,
      "median_dty_mrad": 0.058105215430259705
    }
  }
}