{
  "n_eval": 20000,
  "p_quartiles": [
    4.913870573043823,
    16.095460891723633,
    54.538482666015625
  ],
  "steps": {
    "n8": {
      "median_um": 2108.0713563914865,
      "p95_um": 2040428.0798813293,
      "by_p_quartile_um": [
        11131.255601971752,
        5519.535293950717,
        1113.3222021788408,
        216.78162616336368
      ],
      "nan_frac": 0.00025
    },
    "n32": {
      "median_um": 2110.022732242221,
      "p95_um": 2041505.342978835,
      "by_p_quartile_um": [
        11147.895536059448,
        5519.326780570594,
        1113.2326758395243,
        216.6893495204583
      ],
      "nan_frac": 0.0002
    },
    "n128": {
      "median_um": 2111.5124081231925,
      "p95_um": 2042323.9266688055,
      "by_p_quartile_um": [
        11163.940317734654,
        5519.55787739685,
        1112.3236102362632,
        216.75379280039604
      ],
      "nan_frac": 0.00015
    },
    "n512": {
      "median_um": 2111.3919293469794,
      "p95_um": 2042319.3347157335,
      "by_p_quartile_um": [
        11163.845977333594,
        5519.2541851094975,
        1113.4793226690022,
        216.96460683371942
      ],
      "nan_frac": 0.00015
    }
  }
}