{
  "rung0_straight": {
    "label": "rung0 straight",
    "n": 23107,
    "median_dx_um": 141.27375120733632,
    "p68_dx_um": 383.2642856758327,
    "p95_dx_um": 2826.2207571333433,
    "p99_dx_um": 6026.976669243002,
    "median_dtx_urad": 41.12720489501953,
    "median_dx_um_by_qop_quartile": [
      23.47795858804602,
      83.46241411345545,
      315.7334189854737,
      1202.3221106355777
    ]
  },
  "rung1_kick_chart": {
    "label": "rung1 kick chart",
    "n": 23107,
    "median_dx_um": 115.33911807555342,
    "p68_dx_um": 322.8614179903161,
    "p95_dx_um": 2184.16409195761,
    "p99_dx_um": 4242.329741970129,
    "median_dtx_urad": 34.82092323330021,
    "median_dx_um_by_qop_quartile": [
      19.816221100427356,
      72.31322594407175,
      277.6733869318946,
      1025.7442492147675
    ]
  },
  "nn_pinn_v2_small_v1": {
    "median_dx_um": 292.96875,
    "p95_dx_um": 1893.7738037109375,
    "median_dx_um_by_|q/p|_quartile": [
      174.560546875,
      219.23828125,
      382.99560546875,
      486.572265625
    ]
  },
  "nn_pinn_v2_kick_10M": {
    "median_dx_um": 152.587890625,
    "p95_dx_um": 2826.856201171875,
    "median_dx_um_by_|q/p|_quartile": [
      23.49853515625,
      94.17724609375,
      342.498779296875,
      1126.617431640625
    ]
  }
}