{
  "rung2 multipole O2 (3 terms)": {
    "median_dx_um": 67.56560271060152,
    "p95_dx_um": 2024.3360208442516,
    "median_dtx_urad": 20.23030894876543,
    "byq_um": [
      11.177949936154619,
      41.36154032585182,
      157.0037940396105,
      620.2719306202198
    ],
    "fit_rms_med_T": 0.02377219525146137,
    "fit_rms_max_T": 0.21519735073068,
    "n_terms": 3
  },
  "rung2 multipole O4 (6 terms)": {
    "median_dx_um": 47.12895676129847,
    "p95_dx_um": 2255.15041865408,
    "median_dtx_urad": 14.510725418137582,
    "byq_um": [
      6.62312848169222,
      24.27897497216236,
      92.44118568722115,
      351.42856723513205
    ],
    "fit_rms_med_T": 0.005570840212014297,
    "fit_rms_max_T": 0.10430581456688456,
    "n_terms": 6
  },
  "rung2 multipole O6 (10 terms)": {
    "median_dx_um": 32.681094257441146,
    "p95_dx_um": 2160.9173306290836,
    "median_dtx_urad": 10.149328627695464,
    "byq_um": [
      3.858897979739595,
      14.697977625132808,
      55.467509855247954,
      217.88626422926427
    ],
    "fit_rms_med_T": 0.0014656012269207413,
    "fit_rms_max_T": 0.053982010887503505,
    "n_terms": 10
  },
  "rung2 multipole O8 (15 terms)": {
    "median_dx_um": 23.986433931099782,
    "p95_dx_um": 2130.958421758692,
    "median_dtx_urad": 7.734719634430731,
    "byq_um": [
      2.7904333956030314,
      10.776717884994014,
      39.07909741860749,
      152.9120827245265
    ],
    "fit_rms_med_T": 0.00041982880923912365,
    "fit_rms_max_T": 0.028384266826846073,
    "n_terms": 15
  },
  "rung2 multipole O10 (21 terms)": {
    "median_dx_um": 19.16808871851572,
    "p95_dx_um": 2494.472688805083,
    "median_dtx_urad": 6.373733176204266,
    "byq_um": [
      2.2364499573086505,
      8.281163838489647,
      30.351914180755557,
      123.12703072211661
    ],
    "fit_rms_med_T": 0.00011955495972391021,
    "fit_rms_max_T": 0.014759502808664112,
    "n_terms": 21
  }
}