{
  "n_test": 519673,
  "p_eq_k_over_absqop": 0.2997924685511215,
  "qop_bin_centers": [
    -0.26141231788694863,
    -0.248014274045825,
    -0.2346162302047014,
    -0.22121818636357782,
    -0.20782014252245423,
    -0.19442209868133062,
    -0.18102405484020703,
    -0.16762601099908345,
    -0.15422796715795983,
    -0.14082992331683625,
    -0.12743187947571266,
    -0.11403383563458906,
    -0.10063579179346546,
    -0.08723774795234188,
    -0.07383970411121828,
    -0.06044166027009468,
    -0.04704361642897109,
    -0.03364557258784749,
    -0.020247528746723892,
    -0.006849484905600306,
    0.00654855893552328,
    0.019946602776646866,
    0.03334464661777048,
    0.04674269045889409,
    0.06014073430001768,
    0.07353877814114126,
    0.08693682198226485,
    0.10033486582338844,
    0.11373290966451205,
    0.12713095350563566,
    0.14052899734675925,
    0.15392704118788283,
    0.16732508502900642,
    0.18072312887013,
    0.1941211727112536,
    0.2075192165523772,
    0.22091726039350082,
    0.2343153042346244,
    0.24771334807574802,
    0.2611113919168716
  ],
  "blockA": {
    "scanA_d2_tanh": {
      "label": "d2 tanh",
      "med_vs_qop": [
        2393.639524538812,
        3383.089249086419,
        4573.6199636263855,
        5836.894411382964,
        6885.8564100596695,
        8455.163316887896,
        10060.688646516686,
        10618.825954115982,
        11309.306582083944,
        10728.903688599785,
        10255.615444099441,
        10105.022511964911,
        9208.020591996778,
        7691.586191562988,
        6827.611945088554,
        6120.254470703117,
        4500.438617482447,
        3084.26358605725,
        1655.2461424971173,
        346.3619421143229,
        320.0154497190735,
        1529.554749272668,
        3046.4164947039053,
        4317.143611584779,
        5607.930655622568,
        6821.038636257941,
        7280.74969764187,
        8765.092108660141,
        8906.03515869718,
        10197.040362433643,
        11084.842288696906,
        10464.524146438183,
        9823.663761839081,
        8475.536671862568,
        8762.517006058064,
        7336.268855569168,
        5344.7743644535985,
        3076.220755667152,
        2785.08754447524,
        3302.5043273590372
      ]
    },
    "scanA_d2_silu": {
      "label": "d2 silu",
      "med_vs_qop": [
        2714.460395429138,
        3947.1851636995025,
        5482.990018401725,
        6628.416756991852,
        7514.181531384852,
        9334.374323242937,
        12101.750598048584,
        12570.17257851948,
        12717.029820053986,
        12312.617437571414,
        10995.538751621169,
        10984.697034269073,
        9976.29729062563,
        8501.139306970666,
        7555.366944060937,
        6748.81810226575,
        4941.132800187515,
        3325.8833216932608,
        1754.5718053855603,
        372.0541039074617,
        345.7806441038454,
        1685.2417301662774,
        3348.2692092176458,
        4730.846667530556,
        6354.3393272221765,
        7271.650888328301,
        8419.859009479893,
        9404.703823025691,
        9591.934908132636,
        10723.513402188388,
        12785.543012028545,
        11720.41638050111,
        10496.689866064446,
        9484.678159500374,
        9756.91462419097,
        7417.035647296966,
        5770.4963875639705,
        3641.1082724957823,
        3414.064738455452,
        3768.4849093811663
      ]
    },
    "scanA_d2_gelu": {
      "label": "d2 gelu",
      "med_vs_qop": [
        2293.5912256430765,
        3903.1944713236962,
        5036.0419692777305,
        6224.554134060338,
        7447.469454861977,
        8465.726884299324,
        10411.401830071958,
        10913.736773707811,
        11644.71167020384,
        11769.693104558133,
        10989.485847803018,
        10533.300434434255,
        9196.256286912681,
        7884.705858899403,
        6816.6892400243,
        6354.834459278369,
        4665.542164806192,
        3113.2056621468573,
        1696.6394014341372,
        360.3423990858874,
        335.78477204411854,
        1636.3333132168243,
        3299.262951435907,
        4571.693057027125,
        5994.020564622353,
        7225.744861608766,
        7800.681565755391,
        9117.18302098927,
        9247.103916850989,
        10288.650113345175,
        12026.128687189384,
        11645.313862399113,
        9991.572896574056,
        8577.864415469,
        9394.59921051166,
        7319.9284469348,
        5982.975346484913,
        3400.8123300898756,
        3334.5390466272074,
        3528.2336177040615
      ]
    },
    "scanA_d2_sin": {
      "label": "d2 sin",
      "med_vs_qop": [
        2395.247019891748,
        3330.3927017390115,
        4365.629133741288,
        5804.806695250355,
        6643.454079494929,
        8106.74240308695,
        10324.204627304232,
        10209.052926943306,
        10658.346416278117,
        10634.065855839517,
        9362.409231987342,
        9330.612451614234,
        8337.794083182604,
        6981.0230834107315,
        6206.208770114428,
        5751.019429021017,
        4113.6913330841635,
        2860.5931008696934,
        1544.1805957645709,
        332.4347285596974,
        310.9890485929957,
        1489.287667209741,
        2968.612052690408,
        4079.6020598944915,
        5317.724246105346,
        6507.455655241917,
        6967.046567153352,
        8181.800938955473,
        8251.544391263218,
        9528.680511958763,
        10439.656976898343,
        9722.99060964065,
        9557.528274122209,
        8331.07319912571,
        8347.865409142983,
        6408.435447926597,
        5301.742029444782,
        2834.407132068003,
        2778.6619423868856,
        3278.418228394296
      ]
    },
    "scanA_d3_tanh": {
      "label": "d3 tanh",
      "med_vs_qop": [
        2343.258730740797,
        3555.7417582430553,
        4750.786868197579,
        4934.79120208652,
        6439.54633568009,
        7950.947758611367,
        10236.024250130693,
        9829.16432683645,
        10297.64946483991,
        10583.350399646866,
        9780.61569128435,
        9704.557133194987,
        8619.814468216295,
        7260.899884910666,
        6412.654483166434,
        5907.378546890679,
        4218.2816590618895,
        2897.9580456344092,
        1570.7184880731982,
        337.2877018565169,
        310.5341185942752,
        1491.206885471597,
        2932.891608219251,
        4080.2472610441064,
        5301.14995001656,
        6510.805522859264,
        6808.192032188237,
        8102.236060109698,
        8169.673083302867,
        9248.725663452824,
        10532.677509481204,
        10000.139429193267,
        9256.414401172138,
        7984.144516754368,
        7639.82040073249,
        6613.848743337527,
        5123.223550347315,
        2730.165685196804,
        2976.991597208751,
        3422.168861269357
      ]
    },
    "scanA_d3_silu": {
      "label": "d3 silu",