{
  "device": "cpu",
  "n_test": 519673,
  "p_quartiles": [
    4.933307647705078,
    16.432424545288086,
    55.30281448364258
  ],
  "blockA": {
    "scanA_d2_tanh": {
      "label": "d2 tanh",
      "median_um": 1090.3359672314762,
      "p95_um": 84133.71743914293,
      "by_p_quartile_um": [
        7652.618172758426,
        2970.8607979372964,
        825.700811565581,
        205.87769812267538
      ],
      "median_dtx_mrad": 2.203047275543213,
      "median_dty_mrad": 0.06417464464902878
    },
    "scanA_d2_silu": {
      "label": "d2 silu",
      "median_um": 1166.6337759697833,
      "p95_um": 88478.64890175399,
      "by_p_quartile_um": [
        8363.136089674439,
        3222.1456946154194,
        885.9589684686928,
        220.40145911372224
      ],
      "median_dtx_mrad": 2.271503210067749,
      "median_dty_mrad": 0.06407499313354492
    },
    "scanA_d2_gelu": {
      "label": "d2 gelu",
      "median_um": 1132.1014293691662,
      "p95_um": 85241.02394588418,
      "by_p_quartile_um": [
        7950.221411406605,
        3116.8306394587507,
        861.9939844526946,
        215.25420298346927
      ],
      "median_dtx_mrad": 2.23618745803833,
      "median_dty_mrad": 0.06179511547088623
    },
    "scanA_d2_sin": {
      "label": "d2 sin",
      "median_um": 1044.4194448378983,
      "p95_um": 79249.51445181816,
      "by_p_quartile_um": [
        7125.899228289798,
        2823.9110189942494,
        790.7366493525,
        199.34265173253544
      ],
      "median_dtx_mrad": 2.1324753761291504,
      "median_dty_mrad": 0.056624412536621094
    },
    "scanA_d3_tanh": {
      "label": "d3 tanh",
      "median_um": 1052.3769306171268,
      "p95_um": 79750.36166685364,
      "by_p_quartile_um": [
        7205.17638750574,
        2830.770255881339,
        796.942718572611,
        200.3895259477544
      ],
      "median_dtx_mrad": 2.0902613177895546,
      "median_dty_mrad": 0.05827099084854126
    },
    "scanA_d3_silu": {
      "label": "d3 silu",
      "median_um": 1076.4982279068836,
      "p95_um": 80520.68210677533,
      "by_p_quartile_um": [
        7361.462344650992,
        2913.821199123954,
        826.4095456922335,
        204.51323630082578
      ],
      "median_dtx_mrad": 2.1332353353500366,
      "median_dty_mrad": 0.050187110900878906
    },
    "scanA_d3_gelu": {
      "label": "d3 gelu",
      "median_um": 1051.9504643243079,
      "p95_um": 78518.64436746783,
      "by_p_quartile_um": [
        7145.095379570214,
        2857.526979837428,
        808.2133195529141,
        201.34325042442384
      ],
      "median_dtx_mrad": 2.079743891954422,
      "median_dty_mrad": 0.04972517490386963
    },
    "scanA_d3_sin": {
      "label": "d3 sin",
      "median_um": 1180.7251351695088,
      "p95_um": 87797.40925950842,
      "by_p_quartile_um": [
        8317.162948171985,
        3289.407147152281,
        921.5210467084376,
        227.31334517374003
      ],
      "median_dtx_mrad": 2.1716654300689697,
      "median_dty_mrad": 0.08140504360198975
    }
  },
  "blockB": {
    "wave2_resid_h96": {
      "label": "h96 baseline",
      "median_um": 1076.519399425181,
      "p95_um": 82556.86320722137,
      "by_p_quartile_um": [
        7424.372051619817,
        2937.6452381237204,
        824.4644089158455,
        206.66634592453104
      ],
      "median_dtx_mrad": 2.170264720916748,
      "median_dty_mrad": 0.058105215430259705
    },
    "scanB_alpha05": {
      "label": "alpha=0.5",
      "median_um": 768.8904153801512,
      "p95_um": 986065.8405295002,
      "by_p_quartile_um": [
        4202.683690481971,
        1903.7150657723646,
        375.8445281928922,
        69.39708001791938
      ],
      "median_dtx_mrad": 2.871096134185791,
      "median_dty_mrad": 0.0599399209022522
    },
    "scanB_delta2": {
      "label": "huber d=2",
      "median_um": 1066.5328209209981,
      "p95_um": 82308.620071568,
      "by_p_quartile_um": [
        7358.78882089085,
        2901.033708575432,
        811.6405198051925,
        204.35844827865404
      ],
      "median_dtx_mrad": 2.1719932556152344,
      "median_dty_mrad": 0.05762279033660889
    },
    "scanB_invp": {
      "label": "inv-p weight",
      "median_um": 1122.579052178568,
      "p95_um": 85030.68340947256,
      "by_p_quartile_um": [
        7723.783666860395,
        3120.7579817220103,
        860.3100889155191,
        214.00694439440758
      ],
      "median_dtx_mrad": 2.218961715698242,
      "median_dty_mrad": 0.07217749953269958
    },
    "scanB_logcosh": {
      "label": "log-cosh",
      "median_um": 1321.5609705594338,
      "p95_um": 93638.49094580817,
      "by_p_quartile_um": [
        9234.629808960195,
        3682.2989963700165,
        1029.668845107412,
        254.7156874878917
      ],
      "median_dtx_mrad": 2.7126669883728027,
      "median_dty_mrad": 0.09096413850784302
    }
  }
}