{
  "pinn_v2_small_v1": {
    "model_name": "pinn_v2_small_v1",
    "n_tracks": 300,
    "frob_rel_mean": 0.37124619229494915,
    "frob_rel_median": 0.10361935948936925,
    "frob_rel_p95": 0.885983170506036,
    "off_max_frob_median": 0.0007898137892349173,
    "off_max_frob_p95": 0.03189082529910698,
    "gate_frob": 0.05,
    "gate_off_frob": 0.05,
    "passes": false,
    "verdict": "FAIL: frob_rel_mean=0.3712 >= 0.05",
    "eval_time_s": 1.1406292915344238,
    "era": "gen-3-era"
  },
  "pinn_v2_g4_lam0_2M_cpu": {
    "model_name": "pinn_v2_g4_lam0_2M_cpu",
    "n_tracks": 300,
    "frob_rel_mean": 0.48408018898497157,
    "frob_rel_median": 0.4247888852977554,
    "frob_rel_p95": 0.8567675305364488,
    "off_max_frob_median": 0.04089350359940231,
    "off_max_frob_p95": 0.3018733445425021,
    "gate_frob": 0.05,
    "gate_off_frob": 0.05,
    "passes": false,
    "verdict": "FAIL: frob_rel_mean=0.4841 >= 0.05; off_max_frob_p95=0.3019 >= 0.05",
    "eval_time_s": 1.1094439029693604,
    "era": "gen-4"
  },
  "pinn_v2_g4_lam0p1_2M_cpu": {
    "model_name": "pinn_v2_g4_lam0p1_2M_cpu",
    "n_tracks": 300,
    "frob_rel_mean": 0.4327608756819592,
    "frob_rel_median": 0.23809603610605296,
    "frob_rel_p95": 0.8815829403941291,
    "off_max_frob_median": 0.08427491587180164,
    "off_max_frob_p95": 0.13501308709909213,
    "gate_frob": 0.05,
    "gate_off_frob": 0.05,
    "passes": false,
    "verdict": "FAIL: frob_rel_mean=0.4328 >= 0.05; off_max_frob_p95=0.1350 >= 0.05",
    "eval_time_s": 1.1510272026062012,
    "era": "gen-4"
  },
  "pinn_v2_g4_lam0_10M": {
    "model_name": "pinn_v2_g4_lam0_10M",
    "n_tracks": 300,
    "frob_rel_mean": 0.48382195096169006,
    "frob_rel_median": 0.4008316112641059,
    "frob_rel_p95": 0.8806677239738437,
    "off_max_frob_median": 0.04161784771378836,
    "off_max_frob_p95": 0.32596640412213285,
    "gate_frob": 0.05,
    "gate_off_frob": 0.05,
    "passes": false,
    "verdict": "FAIL: frob_rel_mean=0.4838 >= 0.05; off_max_frob_p95=0.3260 >= 0.05",
    "eval_time_s": 1.105724573135376,
    "era": "gen-4"
  },
  "pinn_v2_g4_lam0p1_10M": {
    "model_name": "pinn_v2_g4_lam0p1_10M",
    "n_tracks": 300,
    "frob_rel_mean": 0.5564638260597733,
    "frob_rel_median": 0.5318946738208994,
    "frob_rel_p95": 1.0255205430843557,
    "off_max_frob_median": 0.05963894276744719,
    "off_max_frob_p95": 0.24297881775834054,
    "gate_frob": 0.05,
    "gate_off_frob": 0.05,
    "passes": false,
    "verdict": "FAIL: frob_rel_mean=0.5565 >= 0.05; off_max_frob_p95=0.2430 >= 0.05",
    "eval_time_s": 1.078261137008667,
    "era": "gen-4"
  }
}