{
  "pinn_v2_small_v1": {
    "n_utt": 50,
    "median_dx_um": 292.96875,
    "p68_dx_um": 433.78173828125,
    "p95_dx_um": 1893.7738037109375,
    "p99_dx_um": 5428.79150390625,
    "p99_9_dx_um": 7328.2001953125,
    "max_dx_um": 7539.24560546875,
    "median_dy_um": 285.491943359375,
    "p95_dy_um": 2051.85546875,
    "median_dtx_urad": 30.728988647460938,
    "median_dty_urad": 42.9088249206543,
    "median_dx_um_by_|q/p|_quartile": [
      174.560546875,
      219.23828125,
      382.99560546875,
      486.572265625
    ],
    "qop_quartile_edges": [
      0.0036421025870367885,
      0.009515445679426193,
      0.054710532538592815
    ],
    "p_GeV_range": [
      3.3499248027801514,
      660.8013305664062
    ],
    "throughput_tracks_per_s": 3258.1167368371994,
    "params": 10372,
    "hidden_dims": [
      96,
      96
    ]
  },
  "pinn_v2_kick_2M_cpu": {
    "n_utt": 488,
    "median_dx_um": 148.25439453125,
    "p68_dx_um": 380.7867431640625,
    "p95_dx_um": 2527.19091796875,
    "p99_dx_um": 4775.30712890625,
    "p99_9_dx_um": 9561.3203125,
    "max_dx_um": 11000.884765625,
    "median_dy_um": 89.76364135742188,
    "p95_dy_um": 1818.9818115234375,
    "median_dtx_urad": 44.097190856933594,
    "median_dty_urad": 29.270536422729492,
    "median_dx_um_by_|q/p|_quartile": [
      23.5595703125,
      99.578857421875,
      333.3740234375,
      1227.84423828125
    ],
    "qop_quartile_edges": [
      0.0064791233744472265,
      0.02276808861643076,
      0.08554469048976898
    ],
    "p_GeV_range": [
      3.3669521808624268,
      661.7820434570312
    ],
    "throughput_tracks_per_s": 45465.70008218752,
    "params": 10376,
    "hidden_dims": [
      96,
      96
    ]
  },
  "pinn_v2_kick_only_2M_cpu": {
    "n_utt": 488,
    "median_dx_um": 147.76611328125,
    "p68_dx_um": 382.8155822753906,
    "p95_dx_um": 2537.44482421875,
    "p99_dx_um": 4781.7587890625,
    "p99_9_dx_um": 9580.25,
    "max_dx_um": 11022.888671875,
    "median_dy_um": 90.667724609375,
    "p95_dy_um": 1821.2401123046875,
    "median_dtx_urad": 46.193599700927734,
    "median_dty_urad": 28.948299407958984,
    "median_dx_um_by_|q/p|_quartile": [
      23.834228515625,
      100.067138671875,
      336.7919921875,
      1246.76513671875
    ],
    "qop_quartile_edges": [
      0.0064791233744472265,
      0.02276808861643076,
      0.08554469048976898
    ],
    "p_GeV_range": [
      3.3669521808624268,
      661.7820434570312
    ],
    "throughput_tracks_per_s": 69271.02856369298,
    "params": 10376,
    "hidden_dims": [
      96,
      96
    ]
  },
  "pinn_v2_kick_10M": {
    "n_utt": 2305,
    "median_dx_um": 152.587890625,
    "p68_dx_um": 410.274658203125,
    "p95_dx_um": 2826.856201171875,
    "p99_dx_um": 5972.546875,
    "p99_9_dx_um": 15175.875,
    "max_dx_um": 17968.140625,
    "median_dy_um": 83.984375,
    "p95_dy_um": 1905.1610107421875,
    "median_dtx_urad": 36.36628341674805,
    "median_dty_urad": 25.27981948852539,
    "median_dx_um_by_|q/p|_quartile": [
      23.49853515625,
      94.17724609375,
      342.498779296875,
      1126.617431640625
    ],
    "qop_quartile_edges": [
      0.006169275380671024,
      0.022130226716399193,
      0.08084842562675476
    ],
    "p_GeV_range": [
      3.3388686180114746,
      663.6495361328125
    ],
    "throughput_tracks_per_s": 122733.88328191848,
    "params": 10376,
    "hidden_dims": [
      96,
      96
    ]
  },
  "pinn_v2_kick_only_10M": {
    "n_utt": 2305,
    "median_dx_um": 152.587890625,
    "p68_dx_um": 410.3735046386719,
    "p95_dx_um": 2827.56396484375,
    "p99_dx_um": 5973.48046875,
    "p99_9_dx_um": 15177.2041015625,
    "max_dx_um": 17968.505859375,
    "median_dy_um": 83.8623046875,
    "p95_dy_um": 1906.3482666015625,
    "median_dtx_urad": 39.8606071472168,
    "median_dty_urad": 25.294721603393555,
    "median_dx_um_by_|q/p|_quartile": [
      23.49853515625,
      94.23828125,
      342.71240234375,
      1127.105712890625
    ],
    "qop_quartile_edges": [
      0.006169275380671024,
      0.022130226716399193,
      0.08084842562675476
    ],
    "p_GeV_range": [
      3.3388686180114746,
      663.6495361328125
    ],
    "throughput_tracks_per_s": 276509.2872669031,
    "params": 10376,
    "hidden_dims": [
      96,
      96
    ]
  }
}