{
  "pinn_v2_small_v1": {
    "n_utt": 50,
    "median_dx_um": 292.96875,
    "p68_dx_um": 433.78173828125,
    "p95_dx_um": 1893.7738037109375,
    "p99_dx_um": 5428.79150390625,
    "p99_9_dx_um": 7328.2001953125,
    "max_dx_um": 7539.24560546875,
    "median_dy_um": 285.491943359375,
    "p95_dy_um": 2051.85546875,
    "median_dtx_urad": 30.728988647460938,
    "median_dty_urad": 42.9088249206543,
    "median_dx_um_by_|q/p|_quartile": [
      174.560546875,
      219.23828125,
      382.99560546875,
      486.572265625
    ],
    "qop_quartile_edges": [
      0.0036421025870367885,
      0.009515445679426193,
      0.054710532538592815
    ],
    "p_GeV_range": [
      3.3499248027801514,
      660.8013305664062
    ],
    "throughput_tracks_per_s": 7123.478260869565,
    "params": 10372,
    "hidden_dims": [
      96,
      96
    ]
  },
  "pinn_v2_medium_v2": {
    "n_utt": 488,
    "median_dx_um": 450.74462890625,
    "p68_dx_um": 692.152099609375,
    "p95_dx_um": 2321.86865234375,
    "p99_dx_um": 4325.28271484375,
    "p99_9_dx_um": 8723.4423828125,
    "max_dx_um": 10504.1201171875,
    "median_dy_um": 359.19189453125,
    "p95_dy_um": 2321.1396484375,
    "median_dtx_urad": 54.940582275390625,
    "median_dty_urad": 36.46314239501953,
    "median_dx_um_by_|q/p|_quartile": [
      353.1494140625,
      349.3499755859375,
      460.0830078125,
      1073.211669921875
    ],
    "qop_quartile_edges": [
      0.0064791233744472265,
      0.02276808861643076,
      0.08554469048976898
    ],
    "p_GeV_range": [
      3.3669521808624268,
      661.7820434570312
    ],
    "throughput_tracks_per_s": 47821.78808906334,
    "params": 68612,
    "hidden_dims": [
      256,
      256
    ]
  },
  "pinn_v2_large_v2": {
    "n_utt": 488,
    "median_dx_um": 323.05908203125,
    "p68_dx_um": 560.2734375,
    "p95_dx_um": 2534.995849609375,
    "p99_dx_um": 4808.01416015625,
    "p99_9_dx_um": 9877.4267578125,
    "max_dx_um": 10558.197265625,
    "median_dy_um": 226.9287109375,
    "p95_dy_um": 1808.63330078125,
    "median_dtx_urad": 54.836273193359375,
    "median_dty_urad": 29.2360782623291,
    "median_dx_um_by_|q/p|_quartile": [
      230.89599609375,
      197.1435546875,
      382.9345703125,
      1143.5546875
    ],
    "qop_quartile_edges": [
      0.0064791233744472265,
      0.02276808861643076,
      0.08554469048976898
    ],
    "p_GeV_range": [
      3.3669521808624268,
      661.7820434570312
    ],
    "throughput_tracks_per_s": 40557.59906473537,
    "params": 100996,
    "hidden_dims": [
      256,
      256,
      128
    ]
  },
  "mlp_small_v2": {
    "n_utt": 488,
    "median_dx_um": 3580.1162109375,
    "p68_dx_um": 5140.41015625,
    "p95_dx_um": 11146.4833984375,
    "p99_dx_um": 15143.033203125,
    "p99_9_dx_um": 23625.974609375,
    "max_dx_um": 26872.55859375,
    "median_dy_um": 3212.890625,
    "p95_dy_um": 9335.947265625,
    "median_dtx_urad": 280.05987548828125,
    "median_dty_urad": 170.3761444091797,
    "median_dx_um_by_|q/p|_quartile": [
      3183.97509765625,
      3478.515625,
      4026.06201171875,
      3560.821533203125
    ],
    "qop_quartile_edges": [
      0.0064791233744472265,
      0.02276808861643076,
      0.08554469048976898
    ],
    "p_GeV_range": [
      3.3669521808624268,
      661.7820434570312
    ],
    "throughput_tracks_per_s": 83776.20956123117,
    "params": 5060,
    "hidden_dims": [
      64,
      64
    ]
  },
  "mlp_medium_v2": {
    "n_utt": 488,
    "median_dx_um": 1428.955078125,
    "p68_dx_um": 2199.01123046875,
    "p95_dx_um": 4826.3427734375,
    "p99_dx_um": 7125.91650390625,
    "p99_9_dx_um": 11886.220703125,
    "max_dx_um": 13105.072265625,
    "median_dy_um": 1197.3876953125,
    "p95_dy_um": 4209.54541015625,
    "median_dtx_urad": 140.9202880859375,
    "median_dty_urad": 110.8292465209961,
    "median_dx_um_by_|q/p|_quartile": [
      1495.269775390625,
      1168.5791015625,
      1230.46875,
      1815.7196044921875
    ],
    "qop_quartile_edges": [
      0.0064791233744472265,
      0.02276808861643076,
      0.08554469048976898
    ],
    "p_GeV_range": [
      3.3669521808624268,
      661.7820434570312
    ],
    "throughput_tracks_per_s": 42485.42565954709,
    "params": 34820,
    "hidden_dims": [
      128,
      128,
      128
    ]
  }
}