{
  "chart alone (0 params)": {
    "median_um": 11.86559087545902,
    "p95_um": 370.6108970315769,
    "p99_um": 1488.7521659009144,
    "byq": [
      1.6,
      6.0,
      22.0,
      82.9
    ]
  },
  "chart + full-pool MLP": {
    "median_um": 10.358076677675854,
    "p95_um": 362.9475168429963,
    "p99_um": 1480.437562564055,
    "byq": [
      3.2,
      6.1,
      18.9,
      72.3
    ]
  },
  "chart + full-pool MLP :params": 10660,
  "chart + focused MLP": {
    "median_um": 10.178610630191542,
    "p95_um": 361.28374171375987,
    "p99_um": 1486.032544438152,
    "byq": [
      3.5,
      6.1,
      18.7,
      72.0
    ]
  },
  "chart + focused MLP :params": 26308
}