{
  "rung0 straight": {
    "median_dx_um": 141.27375120733632,
    "p95_dx_um": 2826.2207571333433,
    "median_dtx_urad": 41.12720489501953,
    "byq_um": [
      23.47795858804602,
      83.46241411345545,
      315.7334189854737,
      1202.3221106355777
    ]
  },
  "rung1.0 on-axis (no geo)": {
    "median_dx_um": 115.33911807555342,
    "p95_dx_um": 2184.16409195761,
    "median_dtx_urad": 34.82092323330021,
    "byq_um": [
      19.816221100427356,
      72.31322594407175,
      277.6733869318946,
      1025.7442492147675
    ]
  },
  "rung1.25 on-axis x geo [LEGAL]": {
    "median_dx_um": 124.42210418555533,
    "p95_dx_um": 2323.8558532164234,
    "median_dtx_urad": 38.16335170384044,
    "byq_um": [
      21.790919026898337,
      79.2304917941351,
      305.1128187761947,
      1136.3665012299862
    ]
  },
  "rung1.5 path-integrated x geo": {
    "median_dx_um": 5.707308154285329,
    "p95_dx_um": 159.24474072596718,
    "median_dtx_urad": 1.781329066363746,
    "byq_um": [
      0.8379250159578078,
      2.975769576707421,
      11.41475284578064,
      42.585580823015334
    ]
  }
}