{
  "O8 baseline (XN=2600)": {
    "median_um": 23.986433931099782,
    "p95_um": 2130.958421758692,
    "p99_um": 10293.732824767352,
    "byq": [
      2.8,
      10.8,
      39.1,
      152.9
    ]
  },
  "O8 + clamp": {
    "median_um": 16.51367792169367,
    "p95_um": 535.1643832223546,
    "p99_um": 1960.540406256295,
    "byq": [
      2.4,
      8.8,
      32.5,
      125.5
    ]
  },
  "O8 wide (XN=3600)": {
    "median_um": 24.655596451793826,
    "p95_um": 1757.1603432764505,
    "p99_um": 7762.2045445806225,
    "byq": [
      3.0,
      11.3,
      40.4,
      160.2
    ]
  },
  "O10 aniso (x=3800,y=2400)": {
    "median_um": 12.677826586127594,
    "p95_um": 462.4952986321663,
    "p99_um": 2072.623072080711,
    "byq": [
      1.7,
      6.2,
      22.8,
      84.5
    ]
  },
  "O10 aniso + clamp": {
    "median_um": 12.428480869971281,
    "p95_um": 422.4430361314035,
    "p99_um": 1591.4359073997646,
    "byq": [
      1.7,
      6.1,
      22.9,
      84.7
    ]
  },
  "O12 aniso+clamp (x=4500,y=2800)": {
    "median_um": 11.86559087545902,
    "p95_um": 370.6108970315769,
    "p99_um": 1488.7521659009144,
    "byq": [
      1.6,
      6.0,
      22.0,
      82.9
    ]
  },
  "O14 aniso+clamp (x=5000,y=3200)": {
    "median_um": 12.710979796111133,
    "p95_um": 408.17204734391913,
    "p99_um": 1527.0046088606664,
    "byq": [
      1.8,
      6.5,
      23.7,
      91.5
    ]
  },
  "REF rung1.5 (true 3-D field)": {
    "median_um": 5.715365779451531,
    "p95_um": 159.29615764752043,
    "p99_um": 480.22926020117603,
    "byq": [
      0.8,
      3.0,
      11.4,
      42.6
    ]
  }
}