{
 "n": 9188440,
 "shards": 100,
 "field": "v8r1.down",
 "kappa": 0.001,
 "fwd_frac": 0.48672756202358614,
 "median_long_dtx": 0.026747513562440872,
 "reprop_worst_mm": 0.0002382406737524434
}