{
  "input_mean": [
    -1.932316780090332,
    -12.65966510772705,
    -0.0001849649997893721,
    -0.0009180286433547735,
    -6.582064816029742e-05,
    4465.423828125,
    5067.71337890625
  ],
  "input_std": [
    1996.6593017578125,
    1446.52880859375,
    0.22894248366355896,
    0.20174160599708557,
    0.09221489727497101,
    2698.193603515625,
    1424.0313720703125
  ],
  "output_mean": [
    -0.000622163584921509,
    0.0046498761512339115,
    1.2748984090649174e-07,
    2.001610027946299e-06,
    -6.582064816029742e-05
  ],
  "output_std": [
    0.36694321036338806,
    0.7948466539382935,
    0.00014904724957887083,
    0.0002808341523632407,
    0.09221489727497101
  ]
}