{
  "field": "/data/bfys/gscriven/TE_stack/Allen/input/detector_configuration/magfield.bin",
  "n_tracks": 120,
  "dz_deploy_mm": 100.0,
  "incumbent_vs_truth_pos_um": {
    "median": 249.58216085286688,
    "ci95": [
      177.15203054826264,
      389.49827866379076
    ]
  },
  "bug_cost_um": {
    "buggy_median": 249.58216085286688,
    "corrected_median": 0.10044467517860564,
    "buggy_p95": 1692.5675834871763,
    "corrected_p95": 0.5347934600890715
  },
  "step_size_sweep": {
    "50.0": {
      "evals_per_track": 109.75,
      "pos_med_um": 127.28067712863512,
      "pos_p95_um": 914.7196725716911,
      "hardQ_med_um": 437.7497127438632
    },
    "100.0": {
      "evals_per_track": 55.0,
      "pos_med_um": 249.58216085286688,
      "pos_p95_um": 1692.5675834871763,
      "hardQ_med_um": 891.1382704084618
    },
    "200.0": {
      "evals_per_track": 27.55,
      "pos_med_um": 544.1591016962527,
      "pos_p95_um": 3291.618964606702,
      "hardQ_med_um": 1727.9923920144179
    },
    "400.0": {
      "evals_per_track": 13.55,
      "pos_med_um": 1090.610998035229,
      "pos_p95_um": 7260.8718876812245,
      "hardQ_med_um": 4460.602864540934
    }
  },
  "fp32_floor_um": {
    "median": 0.08304687587701215,
    "p95": 0.30225254675974045,
    "max": 0.42846490161891587
  },
  "jacobian_frob_rel": 0.0002537082503996297,
  "stratified_pos_um": {
    "all": {
      "unit": "um",
      "median": 249.58216085286688,
      "p95": 1692.5675834871763,
      "p99": 5526.136043977757,
      "max": 5855.284649259323
    },
    "p[3,5) GeV": {
      "unit": "um",
      "median": 1259.5537096962235,
      "p95": 5665.637280175391,
      "p99": 5817.355175442536,
      "max": 5855.284649259323
    },
    "p[5,10) GeV": {
      "unit": "um",
      "median": 601.407433648018,
      "p95": 1431.8930928397608,
      "p99": 1486.7004463723342,
      "max": 1500.0421429532405
    },
    "p[10,20) GeV": {
      "unit": "um",
      "median": 396.53104080615145,
      "p95": 1309.8806646957617,
      "p99": 1765.1639448962821,
      "max": 1894.8354639149045
    },
    "p[20,50) GeV": {
      "unit": "um",
      "median": 175.20769430150938,
      "p95": 568.3053197735298,
      "p99": 775.7083282584974,
      "max": 860.2570986105078
    },
    "p[50,1e+09) GeV": {
      "unit": "um",
      "median": 77.61323323545271,
      "p95": 304.22441170534915,
      "p99": 333.47111260768037,
      "max": 333.77488863698744
    },
    "hard quartile (high |qop|)": {
      "unit": "um",
      "median": 891.1382704084618,
      "p95": 5421.745432973662,
      "p99": 5781.954333213536,
      "max": 5855.284649259323
    },
    "easy quartile (low |qop|)": {
      "unit": "um",
      "median": 85.64243353012853,
      "p95": 333.2280917842347,
      "p99": 346.1065615061892,
      "max": 351.14344197389136
    }
  },
  "total_seconds": 9.357784032821655
}