{
  "input_mean": [
    -0.5842694640159607,
    -2.6436514854431152,
    -2.2110432837507688e-05,
    7.019934855634347e-05,
    2.141211007256061e-05,
    7001.09716796875,
    0.7151532173156738
  ],
  "input_std": [
    2014.5775146484375,
    1443.110107421875,
    0.23023144900798798,
    0.2020680457353592,
    0.09214632213115692,
    3895.505615234375,
    2826.046630859375
  ],
  "output_mean": [
    0.0001432763965567574,
    0.00031424828921444714,
    -1.3193854009330153e-08,
    -1.8873166141020192e-07,
    2.141211007256061e-05
  ],
  "output_std": [
    0.8567596673965454,
    1.098455548286438,
    0.0003914176195394248,
    0.00039980714791454375,
    0.09214632213115692
  ]
}