{
  "experiment": "pinn_v2_small_v1",
  "model_type": "pinn_v2",
  "hidden_dims": [
    96,
    96
  ],
  "n_params": 10372,
  "n_test_tracks": 20000,
  "eval_date": "2026-05-20",
  "metrics": {
    "val_median_dx_mm": 0.01171875,
    "median_dx_mm": 0.01171875,
    "p68_dx_mm": 0.038247108459472656,
    "p95_dx_mm": 0.4541015625,
    "p99_dx_mm": 1.848929524421692,
    "median_dy_mm": 0.01708984375,
    "p95_dy_mm": 0.4871000349521637,
    "median_pos_mm": 0.02829866297543049,
    "p95_pos_mm": 0.7339312434196472,
    "median_dtx_mrad": 0.025838613510131836,
    "median_dty_mrad": 0.024225562810897827,
    "p95_dtx_mrad": 0.15274468751158565,
    "p95_dty_mrad": 0.10078019113279879,
    "loss": 1.1274545670403313e-07,
    "mse_loss": 2.451183974017113e-07,
    "pos_rms_mm": 0.646274983882904
  }
}