{
  "input_mean": [
    -1.3256229162216187,
    0.7673342227935791,
    -0.0011304873041808605,
    0.0003071302780881524,
    0.00041081418748945,
    6981.88720703125,
    5.573014736175537
  ],
  "input_std": [
    2011.7135009765625,
    1440.323486328125,
    0.23036043345928192,
    0.20195502042770386,
    0.09210757166147232,
    3890.760009765625,
    2837.26708984375
  ],
  "output_mean": [
    -0.5900424122810364,
    -0.4539521038532257,
    -0.0011331249261274934,
    0.00030716758919879794,
    0.00041081418748945
  ],
  "output_std": [
    2089.159423828125,
    1546.2398681640625,
    0.23036231100559235,
    0.20195701718330383,
    0.09210757166147232
  ]
}