{
  "straight_line": {
    "median_dx_um": 205528.375,
    "p68_dx_um": 492035.59375,
    "p95_dx_um": 1982572.375,
    "p99_dx_um": 2933663.0,
    "median_dtx_urad": 65614.65625,
    "median_dx_um_by_qop_quartile_hi2lo_p": [
      35659.421875,
      115141.96875,
      380661.75,
      1281670.5
    ],
    "spec_weighted_median_dx_um": 1173536.3814729315,
    "spec_weighted_p95_dx_um": 2980380.0310206423,
    "spec_weighted_median_by_alpha": {
      "0.5": 675253.9145806242,
      "1.0": 1173536.3814729315,
      "1.5": 1512918.8303437966
    }
  },
  "pinn_v2_g4_lam0_10M": {
    "median_dx_um": 174346.1875,
    "p68_dx_um": 416546.1875,
    "p95_dx_um": 1712706.125,
    "p99_dx_um": 2550876.0,
    "median_dtx_urad": 64446.5546875,
    "median_dx_um_by_qop_quartile_hi2lo_p": [
      32716.552734375,
      96915.1640625,
      318018.71875,
      1089287.0
    ],
    "spec_weighted_median_dx_um": 996793.3396912704,
    "spec_weighted_p95_dx_um": 2565814.475049603,
    "spec_weighted_median_by_alpha": {
      "0.5": 567512.6490193997,
      "1.0": 996793.3396912704,
      "1.5": 1296076.083839919
    },
    "params": 10372
  },
  "pinn_v2_g4_lam0p1_10M": {
    "median_dx_um": 205879.9375,
    "p68_dx_um": 486424.6875,
    "p95_dx_um": 2013488.875,
    "p99_dx_um": 3120125.0,
    "median_dtx_urad": 65241.6484375,
    "median_dx_um_by_qop_quartile_hi2lo_p": [
      37819.703125,
      115018.4296875,
      374651.625,
      1251605.75
    ],
    "spec_weighted_median_dx_um": 1153245.0537012557,
    "spec_weighted_p95_dx_um": 3185968.8824170614,
    "spec_weighted_median_by_alpha": {
      "0.5": 657329.7619346734,
      "1.0": 1153245.0537012557,
      "1.5": 1510068.2740404177
    },
    "params": 10372
  },
  "wave2_lam0p01_h128": {
    "median_dx_um": 4350.341796875,
    "p68_dx_um": 13708.5908203125,
    "p95_dx_um": 383793.1875,
    "p99_dx_um": 1266448.875,
    "median_dtx_urad": 5443.72216796875,
    "median_dx_um_by_qop_quartile_hi2lo_p": [
      638.48876953125,
      1957.51953125,
      6830.078125,
      23998.90234375
    ],
    "spec_weighted_median_dx_um": 19082.98101754895,
    "spec_weighted_p95_dx_um": 1206365.8680257497,
    "spec_weighted_median_by_alpha": {
      "0.5": 11453.775015249625,
      "1.0": 19082.98101754895,
      "1.5": 24686.180636250523
    },
    "params": 17928
  },
  "wave2_lam0p1_h128": {
    "median_dx_um": 4119.7509765625,
    "p68_dx_um": 13602.140625,
    "p95_dx_um": 380180.90625,
    "p99_dx_um": 1264055.75,
    "median_dtx_urad": 5345.67236328125,
    "median_dx_um_by_qop_quartile_hi2lo_p": [
      616.2261962890625,
      1920.8984375,
      6647.705078125,
      22876.953125
    ],
    "spec_weighted_median_dx_um": 18369.944561716573,
    "spec_weighted_p95_dx_um": 1180663.0102341382,
    "spec_weighted_median_by_alpha": {
      "0.5": 10965.96568604723,
      "1.0": 18369.944561716573,
      "1.5": 23206.251372082726
    },
    "params": 17928
  },
  "wave2_resid_h128": {
    "median_dx_um": 4292.54150390625,
    "p68_dx_um": 13648.869140625,
    "p95_dx_um": 377458.90625,
    "p99_dx_um": 1281033.625,
    "median_dtx_urad": 5439.49755859375,
    "median_dx_um_by_qop_quartile_hi2lo_p": [
      636.71875,
      2008.6669921875,
      6717.041015625,
      23251.46484375
    ],
    "spec_weighted_median_dx_um": 18437.8982134923,
    "spec_weighted_p95_dx_um": 1213903.3111955083,
    "spec_weighted_median_by_alpha": {
      "0.5": 11199.747935042842,
      "1.0": 18437.8982134923,
      "1.5": 23539.18788938806
    },
    "params": 17928
  },
  "wave2_resid_h256": {
    "median_dx_um": 4271.1181640625,
    "p68_dx_um": 14057.6025390625,
    "p95_dx_um": 373208.46875,
    "p99_dx_um": 1252214.625,
    "median_dtx_urad": 5492.2998046875,
    "median_dx_um_by_qop_quartile_hi2lo_p": [
      630.523681640625,
      1982.2998046875,
      6830.2001953125,
      23726.75
    ],
    "spec_weighted_median_dx_um": 19126.926498697918,
    "spec_weighted_p95_dx_um": 1196909.6666972472,
    "spec_weighted_median_by_alpha": {
      "0.5": 11349.606558180094,
      "1.0": 19126.926498697918,
      "1.5": 24033.985071833587
    },
    "params": 68616
  },
  "wave2_resid_h32": {
    "median_dx_um": 5460.58642578125,
    "p68_dx_um": 17020.291015625,
    "p95_dx_um": 351653.9375,
    "p99_dx_um": 1286531.625,
    "median_dtx_urad": 5550.20556640625,
    "median_dx_um_by_qop_quartile_hi2lo_p": [
      789.55078125,
      2453.857421875,
      8724.7314453125,
      34148.2265625
    ],
    "spec_weighted_median_dx_um": 27343.585646193067,
    "spec_weighted_p95_dx_um": 1215256.5908902802,
    "spec_weighted_median_by_alpha": {
      "0.5": 15186.520466131195,
      "1.0": 27343.585646193067,
      "1.5": 38006.879854701714
    },
    "params": 1416
  },
  "wave2_resid_h384": {
    "median_dx_um": 4318.115234375,
    "p68_dx_um": 13803.291015625,
    "p95_dx_um": 377543.5,
    "p99_dx_um": 1263677.25,
    "median_dtx_urad": 5491.68896484375,
    "median_dx_um_by_qop_quartile_hi2lo_p": [
      643.5546875,
      1972.7783203125,
      6811.287109375,
      23206.466796875
    ],
    "spec_weighted_median_dx_um": 18695.31234270134,
    "spec_weighted_p95_dx_um": 1175071.3859553067,
    "spec_weighted_median_by_alpha": {
      "0.5": 11184.621962230656,
      "1.0": 18695.31234270134,
      "1.5": 23631.188590323778
    },
    "params": 152072
  },
  "wave2_resid_h64": {
    "median_dx_um": 4540.46630859375,
    "p68_dx_um": 14330.470703125,
    "p95_dx_um": 363433.21875,
    "p99_dx_um": 1243251.625,
    "median_dtx_urad": 5470.9462890625,
    "median_dx_um_by_qop_quartile_hi2lo_p": [
      670.5322265625,
      2048.828125,
      7103.759765625,
      25184.6328125
    ],
    "spec_weighted_median_dx_um": 19893.472925228474,
    "spec_weighted_p95_dx_um": 1164091.5792464877,
    "spec_weighted_median_by_alpha": {
      "0.5": 11895.662929047132,
      "1.0": 19893.472925228474,
      "1.5": 26134.08286160882
    },
    "params": 4872
  },
  "wave2_resid_h96": {
    "median_dx_um": 4312.255859375,
    "p68_dx_um": 13908.3876953125,
    "p95_dx_um": 368446.71875,
    "p99_dx_um": 1268220.5,
    "median_dtx_urad": 5429.4765625,
    "median_dx_um_by_qop_quartile_hi2lo_p": [
      647.857666015625,
      1965.576171875,
      6966.6748046875,
      23517.302734375
    ],
    "spec_weighted_median_dx_um": 18504.021580513276,
    "spec_weighted_p95_dx_um": 1174912.658829013,
    "spec_weighted_median_by_alpha": {
      "0.5": 11523.613538240132,
      "1.0": 18504.021580513276,
      "1.5": 24040.533641613765
    },
    "params": 10376
  }
}