{
  "extrapUTT (incumbent)": {
    "median_dx_um": 10.897436062123234,
    "p68_dx_um": 56.67114994257195,
    "p95_dx_um": 1604.6111730175135,
    "p99_dx_um": 11738.360878553356,
    "median_dtx_urad": 3.643641331069203,
    "median_dx_um_by_qop_quartile_hi2lo_p": [
      1.644816795760562,
      3.3976651340026365,
      26.613135350544326,
      474.7424622091785
    ],
    "spec_weighted_median_dx_um": 247.3742223367253,
    "spec_weighted_p95_dx_um": 5704.159912977597,
    "spec_weighted_median_by_alpha": {
      "0.5": 71.32884753300927,
      "1.0": 247.3742223367253,
      "1.5": 481.6962703175398
    }
  },
  "straight_line": {
    "median_dx_um": 225343.23205999294,
    "p68_dx_um": 455652.90048979816,
    "p95_dx_um": 1416076.9196966966,
    "p99_dx_um": 1803815.568330533,
    "median_dtx_urad": 85947.65998263686,
    "median_dx_um_by_qop_quartile_hi2lo_p": [
      52975.6241757301,
      143063.81921020636,
      364682.67842219473,
      1008979.3791328004
    ],
    "spec_weighted_median_dx_um": 818253.404401446,
    "spec_weighted_p95_dx_um": 1724101.5859668304,
    "spec_weighted_median_by_alpha": {
      "0.5": 515589.59946976294,
      "1.0": 818253.404401446,
      "1.5": 1029777.8970224235
    }
  },
  "pinn_v2_g4_lam0_10M": {
    "median_dx_um": 181138.10055055024,
    "p68_dx_um": 365507.2323986301,
    "p95_dx_um": 1228311.3453240837,
    "p99_dx_um": 1786513.2788456746,
    "median_dtx_urad": 84305.32650262918,
    "median_dx_um_by_qop_quartile_hi2lo_p": [
      43155.48778945578,
      114274.92473402151,
      292538.7404833792,
      832395.4906050047
    ],
    "spec_weighted_median_dx_um": 658578.7009674311,
    "spec_weighted_p95_dx_um": 1698895.2136193637,
    "spec_weighted_median_by_alpha": {
      "0.5": 413174.99275213847,
      "1.0": 658578.7009674311,
      "1.5": 839462.8489332949
    },
    "params": 10372
  },
  "pinn_v2_g4_lam0p1_10M": {
    "median_dx_um": 219930.3587094528,
    "p68_dx_um": 437977.5676739192,
    "p95_dx_um": 1358057.3591349595,
    "p99_dx_um": 1710695.2486446819,
    "median_dtx_urad": 85522.36840621966,
    "median_dx_um_by_qop_quartile_hi2lo_p": [
      51898.457337519176,
      141000.89472897456,
      350658.72683034296,
      961597.8158153329
    ],
    "spec_weighted_median_dx_um": 775490.6180256325,
    "spec_weighted_p95_dx_um": 1661194.0788051109,
    "spec_weighted_median_by_alpha": {
      "0.5": 489519.55505475495,
      "1.0": 775490.6180256325,
      "1.5": 982856.5105638425
    },
    "params": 10372
  },
  "wave2_lam0p01_h128": {
    "median_dx_um": 3633.530537552815,
    "p68_dx_um": 6581.170108451915,
    "p95_dx_um": 27817.962447989627,
    "p99_dx_um": 528703.3445359527,
    "median_dtx_urad": 8617.892172211397,
    "median_dx_um_by_qop_quartile_hi2lo_p": [
      952.6994145494427,
      2579.8416472171084,
      6244.469063458837,
      14121.643075157635
    ],
    "spec_weighted_median_dx_um": 9752.14674286998,
    "spec_weighted_p95_dx_um": 304915.91883285117,
    "spec_weighted_median_by_alpha": {
      "0.5": 6659.493757963582,
      "1.0": 9752.14674286998,
      "1.5": 12254.146232105733
    },
    "params": 17928
  },
  "wave2_lam0p1_h128": {
    "median_dx_um": 3487.87340733611,
    "p68_dx_um": 6164.545205463939,
    "p95_dx_um": 25702.41483138228,
    "p99_dx_um": 539521.7571359284,
    "median_dtx_urad": 8861.09428035492,
    "median_dx_um_by_qop_quartile_hi2lo_p": [
      934.0599419946329,
      2491.8927672646305,
      5838.605367884838,
      13436.64905430427
    ],
    "spec_weighted_median_dx_um": 9185.43676390489,
    "spec_weighted_p95_dx_um": 309197.5356037513,
    "spec_weighted_median_by_alpha": {
      "0.5": 6236.745704537966,
      "1.0": 9185.43676390489,
      "1.5": 11422.540219412265
    },
    "params": 17928
  },
  "wave2_resid_h128": {
    "median_dx_um": 3032.1078930926433,
    "p68_dx_um": 5641.758671102254,
    "p95_dx_um": 25103.588607255482,
    "p99_dx_um": 565978.7989381402,
    "median_dtx_urad": 8600.616860407292,
    "median_dx_um_by_qop_quartile_hi2lo_p": [
      816.8647322265272,
      2187.7031211326994,
      5207.110458667557,
      12139.219080460407
    ],
    "spec_weighted_median_dx_um": 8188.755574566388,
    "spec_weighted_p95_dx_um": 330098.0255391025,
    "spec_weighted_median_by_alpha": {
      "0.5": 5640.902579206677,
      "1.0": 8188.755574566388,
      "1.5": 10475.38266536812
    },
    "params": 17928
  },
  "wave2_resid_h256": {
    "median_dx_um": 3477.296803657282,
    "p68_dx_um": 6183.893940068857,
    "p95_dx_um": 23165.720917671817,
    "p99_dx_um": 589508.4902317339,
    "median_dtx_urad": 9147.130690988048,
    "median_dx_um_by_qop_quartile_hi2lo_p": [
      937.2464516527543,
      2502.7499107137032,
      5885.391776054348,
      12777.086766013668
    ],
    "spec_weighted_median_dx_um": 9060.111310680186,
    "spec_weighted_p95_dx_um": 312974.6517167424,
    "spec_weighted_median_by_alpha": {
      "0.5": 6228.402300756858,
      "1.0": 9060.111310680186,
      "1.5": 11134.8765729887
    },
    "params": 68616
  },
  "wave2_resid_h32": {
    "median_dx_um": 2806.829037965599,
    "p68_dx_um": 5640.308966237295,
    "p95_dx_um": 29730.759082164688,
    "p99_dx_um": 278281.9157473823,
    "median_dtx_urad": 8581.736200620666,
    "median_dx_um_by_qop_quartile_hi2lo_p": [
      823.3421830134944,
      2293.7549536287493,
      5445.9223386869835,
      12725.32787474836
    ],
    "spec_weighted_median_dx_um": 8222.673384413227,
    "spec_weighted_p95_dx_um": 191223.3621795601,
    "spec_weighted_median_by_alpha": {
      "0.5": 5335.056196542926,
      "1.0": 8222.673384413227,
      "1.5": 10651.61586629341
    },
    "params": 1416
  },
  "wave2_resid_h384": {
    "median_dx_um": 3782.3033477538957,
    "p68_dx_um": 6631.38031316905,
    "p95_dx_um": 22537.173604058025,
    "p99_dx_um": 540461.7876499381,
    "median_dtx_urad": 9272.067637126576,
    "median_dx_um_by_qop_quartile_hi2lo_p": [
      1014.2208137822877,
      2731.8796565630237,
      6473.512614641777,
      12361.790945900339
    ],
    "spec_weighted_median_dx_um": 9037.49157083419,
    "spec_weighted_p95_dx_um": 281929.8607796833,
    "spec_weighted_median_by_alpha": {
      "0.5": 6582.827163649462,
      "1.0": 9037.49157083419,
      "1.5": 10627.77973117149
    },
    "params": 152072
  },
  "wave2_resid_h64": {
    "median_dx_um": 2788.62404210156,
    "p68_dx_um": 5386.644682019495,
    "p95_dx_um": 23578.493296038774,
    "p99_dx_um": 503328.0809730931,
    "median_dtx_urad": 8619.527380772484,
    "median_dx_um_by_qop_quartile_hi2lo_p": [
      776.7667401467406,
      2091.062531401157,
      5038.339618932284,
      11332.765202902521
    ],
    "spec_weighted_median_dx_um": 7801.699543605724,
    "spec_weighted_p95_dx_um": 273814.8231353774,
    "spec_weighted_median_by_alpha": {
      "0.5": 5368.062456728085,
      "1.0": 7801.699543605724,
      "1.5": 9765.153384047138
    },
    "params": 4872
  },
  "wave2_resid_h96": {
    "median_dx_um": 3580.8311448474797,
    "p68_dx_um": 6612.568619779072,
    "p95_dx_um": 23412.90373976606,
    "p99_dx_um": 552558.0437599727,
    "median_dtx_urad": 8979.902605314837,
    "median_dx_um_by_qop_quartile_hi2lo_p": [
      991.0633144182839,
      2651.328130554816,
      6349.640204376783,
      12849.53282240923
    ],
    "spec_weighted_median_dx_um": 9400.612213513956,
    "spec_weighted_p95_dx_um": 320272.6898257388,
    "spec_weighted_median_by_alpha": {
      "0.5": 6638.291829573468,
      "1.0": 9400.612213513956,
      "1.5": 11091.594910350137
    },
    "params": 10376
  }
}