{
  "wave2_lam0p01_h128": {
    "hidden_dims": [
      128,
      128
    ],
    "lambda_pde": 0.01,
    "best_epoch": 102,
    "epochs_ran": 120,
    "test_utt_median_um": 3177.8564453125,
    "test_utt_p95_um": 35338.722229003906,
    "test_bulk_median_mm": 0.9906005859375
  },
  "wave2_lam0p1_h128": {
    "hidden_dims": [
      128,
      128
    ],
    "lambda_pde": 0.1,
    "best_epoch": 95,
    "epochs_ran": 120,
    "test_utt_median_um": 3117.950439453125,
    "test_utt_p95_um": 36768.802642822266,
    "test_bulk_median_mm": 0.9870376586914062
  },
  "wave2_resid_h128": {
    "hidden_dims": [
      128,
      128
    ],
    "lambda_pde": 0.0,
    "best_epoch": 90,
    "epochs_ran": 120,
    "test_utt_median_um": 3161.9162559509277,
    "test_utt_p95_um": 37041.61834716797,
    "test_bulk_median_mm": 0.9890022277832031
  },
  "wave2_resid_h256": {
    "hidden_dims": [
      256,
      256
    ],
    "lambda_pde": 0.0,
    "best_epoch": 82,
    "epochs_ran": 120,
    "test_utt_median_um": 3108.6769104003906,
    "test_utt_p95_um": 37143.53561401367,
    "test_bulk_median_mm": 0.996337890625
  },
  "wave2_resid_h32": {
    "hidden_dims": [
      32,
      32
    ],
    "lambda_pde": 0.0,
    "best_epoch": 107,
    "epochs_ran": 120,
    "test_utt_median_um": 3832.275390625,
    "test_utt_p95_um": 51176.963806152344,
    "test_bulk_median_mm": 1.084716796875
  },
  "wave2_resid_h384": {
    "hidden_dims": [
      384,
      384
    ],
    "lambda_pde": 0.0,
    "best_epoch": 91,
    "epochs_ran": 120,
    "test_utt_median_um": 3130.37109375,
    "test_utt_p95_um": 36532.13882446289,
    "test_bulk_median_mm": 0.9704866409301758
  },
  "wave2_resid_h64": {
    "hidden_dims": [
      64,
      64
    ],
    "lambda_pde": 0.0,
    "best_epoch": 94,
    "epochs_ran": 120,
    "test_utt_median_um": 3299.6826171875,
    "test_utt_p95_um": 39160.980224609375,
    "test_bulk_median_mm": 1.0097084045410156
  },
  "wave2_resid_h96": {
    "hidden_dims": [
      96,
      96
    ],
    "lambda_pde": 0.0,
    "best_epoch": 102,
    "epochs_ran": 120,
    "test_utt_median_um": 3195.6787109375,
    "test_utt_p95_um": 35929.12292480469,
    "test_bulk_median_mm": 0.9996337890625
  }
}