{
  "extrapUTT (incumbent)": {
    "median_dx_um": 10.897436062123234,
    "p68_dx_um": 56.67114994257195,
    "p95_dx_um": 1604.6111730175135,
    "p99_dx_um": 11738.360878553356,
    "median_dtx_urad": 3.643641331069203,
    "median_dx_um_by_qop_quartile_hi2lo_p": [
      1.644816795760562,
      3.3976651340026365,
      26.613135350544326,
      474.7424622091785
    ]
  },
  "straight_line": {
    "median_dx_um": 225343.23205999294,
    "p68_dx_um": 455652.90048979816,
    "p95_dx_um": 1416076.9196966966,
    "p99_dx_um": 1803815.568330533,
    "median_dtx_urad": 85947.65998263686,
    "median_dx_um_by_qop_quartile_hi2lo_p": [
      52975.6241757301,
      143063.81921020636,
      364682.67842219473,
      1008979.3791328004
    ]
  },
  "pinn_v2_g4_lam0_2M_cpu": {
    "median_dx_um": 175439.27989412067,
    "p68_dx_um": 356648.7146101728,
    "p95_dx_um": 1194784.3722012688,
    "p99_dx_um": 1766122.5403138185,
    "median_dtx_urad": 84039.03738445995,
    "median_dx_um_by_qop_quartile_hi2lo_p": [
      41378.76474506538,
      110936.01700382841,
      281931.86537340377,
      811912.173137332
    ]
  },
  "pinn_v2_g4_lam0p1_2M_cpu": {
    "median_dx_um": 224315.79544789589,
    "p68_dx_um": 452313.7219435338,
    "p95_dx_um": 1406846.8044191233,
    "p99_dx_um": 1795181.9298296066,
    "median_dtx_urad": 85519.72217891258,
    "median_dx_um_by_qop_quartile_hi2lo_p": [
      53474.37501229138,
      142953.1427027958,
      363741.35520032974,
      1005310.7864625781
    ]
  },
  "pinn_v2_g4_lam0_10M": {
    "median_dx_um": 181138.10055055024,
    "p68_dx_um": 365507.2323986301,
    "p95_dx_um": 1228311.3453240837,
    "p99_dx_um": 1786513.2788456746,
    "median_dtx_urad": 84305.32650262918,
    "median_dx_um_by_qop_quartile_hi2lo_p": [
      43155.48778945578,
      114274.92473402151,
      292538.7404833792,
      832395.4906050047
    ]
  },
  "pinn_v2_g4_lam0p1_10M": {
    "median_dx_um": 219930.3587094528,
    "p68_dx_um": 437977.5676739192,
    "p95_dx_um": 1358057.3591349595,
    "p99_dx_um": 1710695.2486446819,
    "median_dtx_urad": 85522.36840621966,
    "median_dx_um_by_qop_quartile_hi2lo_p": [
      51898.457337519176,
      141000.89472897456,
      350658.72683034296,
      961597.8158153329
    ]
  }
}