{
  "extrapUTT_polm1": {
    "median_dx_um": 369801.58652113983,
    "p68_dx_um": 1024714.6632464137,
    "p95_dx_um": 401365752.89928395,
    "p99_dx_um": 10227368507.674063,
    "median_dy_um": 119175.68767970263,
    "median_dtx_urad": 165775.9064307203,
    "median_dx_by_qop_quartile_um": [
      58730.170378678115,
      212717.34308730904,
      724286.409898035,
      6289831.31442808
    ],
    "p_GeV_quartile_edges_high_to_low": [
      55.07054177695146,
      13.892586370163038,
      3.7467777934100854
    ]
  },
  "extrapUTT_polp1": {
    "median_dx_um": 362923.2895862325,
    "p68_dx_um": 1057780.3943874862,
    "p95_dx_um": 501353788.25830436,
    "p99_dx_um": 12033024217.296715,
    "median_dy_um": 118377.41726444525,
    "median_dtx_urad": 162975.8386176602,
    "median_dx_by_qop_quartile_um": [
      59691.26829373499,
      210744.5531360284,
      775856.9766530984,
      8644429.598742925
    ],
    "p_GeV_quartile_edges_high_to_low": [
      55.07054177695146,
      13.892586370163038,
      3.7467777934100854
    ]
  },
  "pinn_v2_small_v1 (deployed)": {
    "median_dx_um": 251.85258285461032,
    "p68_dx_um": 456.32080241543014,
    "p95_dx_um": 2231.7351920737433,
    "p99_dx_um": 4535.861745931208,
    "median_dy_um": 257.4952794456493,
    "median_dtx_urad": 56.42388152012718,
    "median_dx_by_qop_quartile_um": [
      131.13537768542471,
      160.37595473989796,
      359.9080381228248,
      1013.5179984023139
    ],
    "p_GeV_quartile_edges_high_to_low": [
      55.07054177695146,
      13.892586370163038,
      3.7467777934100854
    ]
  },
  "pinn_v2_kick_10M": {
    "median_dx_um": 114.0950675072645,
    "p68_dx_um": 312.68701245850025,
    "p95_dx_um": 2356.188933745978,
    "p99_dx_um": 4717.836833084643,
    "median_dy_um": 63.03379797918751,
    "median_dtx_urad": 34.64664879664764,
    "median_dx_by_qop_quartile_um": [
      18.475245730314782,
      68.75652698511203,
      267.99980965620307,
      964.3148523866927
    ],
    "p_GeV_quartile_edges_high_to_low": [
      55.07054177695146,
      13.892586370163038,
      3.7467777934100854
    ]
  },
  "pinn_v2_lam0_2M_cpu": {
    "median_dx_um": 117.10437054631484,
    "p68_dx_um": 297.7945766795984,
    "p95_dx_um": 1985.112327015321,
    "p99_dx_um": 4241.093570709005,
    "median_dy_um": 79.36954240221894,
    "median_dtx_urad": 42.77457075918534,
    "median_dx_by_qop_quartile_um": [
      33.53736539884267,
      70.97228974407699,
      235.94208152465512,
      889.490876332502
    ],
    "p_GeV_quartile_edges_high_to_low": [
      55.07054177695146,
      13.892586370163038,
      3.7467777934100854
    ]
  },
  "pinn_v2_lam0p1_2M_cpu": {
    "median_dx_um": 440.677626688597,
    "p68_dx_um": 681.6783447573836,
    "p95_dx_um": 2525.6222033971226,
    "p99_dx_um": 5080.11724260577,
    "median_dy_um": 406.4006710366357,
    "median_dtx_urad": 61.41902176448697,
    "median_dx_by_qop_quartile_um": [
      297.6520484736511,
      311.2125808576778,
      442.99990124147826,
      1193.365374092508
    ],
    "p_GeV_quartile_edges_high_to_low": [
      55.07054177695146,
      13.892586370163038,
      3.7467777934100854
    ]
  },
  "straight_line": {
    "median_dx_um": 113.70299460520528,
    "p68_dx_um": 314.2719571977296,
    "p95_dx_um": 2324.8416594936634,
    "p99_dx_um": 4739.40852928119,
    "median_dy_um": 62.74610431455585,
    "median_dtx_urad": 39.82708332281315,
    "median_dx_by_qop_quartile_um": [
      18.25289023111054,
      68.39632780958027,
      265.89200248099587,
      959.6221583401814
    ],
    "p_GeV_quartile_edges_high_to_low": [
      55.07054177695146,
      13.892586370163038,
      3.7467777934100854
    ]
  }
}